<?xml version="1.0" encoding="UTF-8"?>
<configuration>
  <include resource="org/springframework/boot/logging/logback/defaults.xml" />

  <property name="CONSOLE_LOG_PATTERN" value="%clr(%d{yyyy-MM-dd HH:mm:ss.SSS}){faint} %clr(${LOG_LEVEL_PATTERN:-%5p}) %clr(${PID:- }){magenta} %clr(---){faint} %clr([%15.15t]){faint} %clr(%-40.40logger{39}){cyan} %clr(:){faint} %m%n${LOG_EXCEPTION_CONVERSION_WORD:-%wEx}"/>
  <property name="LOG_FILE" value="${LOG_FILE:-${LOG_PATH:-${LOG_TEMP:-${java.io.tmpdir:-/tmp}}}/line-notify-gateway.log}"/>
  <property name="FILE_LOG_PATTERN" value="%d{yyyy-MM-dd HH:mm:ss.SSS} ${LOG_LEVEL_PATTERN:-%5p} ${PID:- } --- [%t] %-40.40logger{39} : %m%n${LOG_EXCEPTION_CONVERSION_WORD:-%wEx}"/>

  <appender name="console" class="ch.qos.logback.core.ConsoleAppender">
    <encoder>
      <pattern>${CONSOLE_LOG_PATTERN}</pattern>
      <charset>utf8</charset>
    </encoder>
  </appender>

  <appender name="FILE"
            class="ch.qos.logback.core.rolling.RollingFileAppender">
    <encoder>
      <pattern>${FILE_LOG_PATTERN}</pattern>
    </encoder>
    <file>${LOG_FILE}</file>
    <rollingPolicy class="ch.qos.logback.core.rolling.FixedWindowRollingPolicy">
      <fileNamePattern>${LOG_FILE}.%i</fileNamePattern>
    </rollingPolicy>
    <triggeringPolicy
      class="ch.qos.logback.core.rolling.SizeBasedTriggeringPolicy">
      <MaxFileSize>10MB</MaxFileSize>
    </triggeringPolicy>
  </appender>

  <root level="DEBUG">
    <appender-ref ref="console" />
    <appender-ref ref="FILE" />
  </root>
</configuration>